{
    "firingRange": 10.239999771118164,
    "damage": 3.9000000953674318,
    "reload": 0.6600000262260437,
    "maxhp": 110.0,
    "hpRegen": 2.0,
    "absoluteDefence": 5.0
}