{
    "firingRange": 7.0,
    "damage": 3.9000000953674318,
    "reload": 0.2800000011920929,
    "maxhp": 100.0,
    "hpRegen": 100.0,
    "absoluteDefence": 5.0,
    "cashPerWave": 20,
    "coinsPerWave": 1,
    "cashKill": 3,
    "coinsPerKill": 1
}