{
    "firingRange": 6.059999942779541,
    "damage": 4.690000057220459,
    "reload": 0.949999988079071,
    "maxhp": 100.0,
    "hpRegen": 1.0,
    "absoluteDefence": 2.0999999046325685,
    "cashPerWave": 20,
    "coinsPerWave": 3,
    "cashKill": 5,
    "coinsPerKill": 5
}